723.18,805.96
8/2/2019 6:00,791.52
8/1/2019 13:00,790.71
7/31/2019 20:00,789.74
7/31/2019 3:00,788.79
7/30/2019 10:00,793.61
7/29/2019 17:00,793.73
7/29/2019 0:00,793.62
7/28/2019 7:00,793.27
7/27/2019 14:00,793.01
7/26/2019 21:00,792.74
7/26/2019 4:00,792.28
7/25/2019 11:00,791.74
7/24/2019 17:00,790.89
7/24/2019 0:00,789.8
7/23/2019 7:00,790.41
7/22/2019 14:00,791.06
7/21/2019 21:00,793.98
7/21/2019 4:00,793.82
7/20/2019 11:00,793.67
7/19/2019 18:00,793.53
7/19/2019 1:00,793.16
7/18/2019 8:00,792.73
7/17/2019 15:00,792.13
7/16/2019 21:00,791.24
7/16/2019 4:00,790.08
7/15/2019 11:00,792.98
7/14/2019 18:00,793.78
7/14/2019 1:00,793.37
7/13/2019 8:00,792.96
7/12/2019 15:00,792.63
7/11/2019 22:00,792.0
7/11/2019 5:00,791.14
7/10/2019 12:00,790.22
7/9/2019 19:00,789.56
7/9/2019 1:00,793.13
7/8/2019 8:00,792.83
7/7/2019 15:00,792.38
7/6/2019 22:00,791.96
7/6/2019 5:00,791.53
7/5/2019 12:00,791.06
7/4/2019 19:00,790.53
7/4/2019 2:00,789.81
7/3/2019 9:00,788.86
7/2/2019 16:00,787.69
7/1/2019 23:00,785.98
7/1/2019 5:00,783.75
6/30/2019 12:00,786.85
6/29/2019 19:00,785.52
6/29/2019 2:00,788.44
6/28/2019 9:00,786.55
6/27/2019 16:00,786.41
6/26/2019 23:00,787.98
6/26/2019 6:00,791.73
6/25/2019 13:00,790.97
6/24/2019 20:00,789.87
6/24/2019 3:00,788.31
6/23/2019 9:00,789.21
6/22/2019 16:00,787.62
6/21/2019 23:00,785.2
6/21/2019 6:00,785.0
6/20/2019 13:00,787.52
6/19/2019 20:00,787.61
6/19/2019 3:00,790.5
6/18/2019 10:00,793.97
6/17/2019 17:00,793.69
6/17/2019 0:00,795.77
6/16/2019 7:00,795.05
6/15/2019 13:00,793.98
6/14/2019 20:00,792.56
6/14/2019 3:00,790.21
6/13/2019 10:00,793.64
6/12/2019 17:00,797.96
6/12/2019 0:00,797.37
6/11/2019 7:00,796.35
6/10/2019 14:00,795.01
6/9/2019 21:00,793.02
6/9/2019 4:00,795.61
6/8/2019 11:00,797.0
6/7/2019 17:00,797.44
6/7/2019 0:00,800.93
6/6/2019 7:00,804.45
6/5/2019 14:00,804.54
6/4/2019 21:00,804.78
6/4/2019 4:00,804.72
6/3/2019 11:00,804.59
6/2/2019 18:00,804.72
6/2/2019 1:00,804.71
6/1/2019 8:00,804.73
5/31/2019 15:00,804.82
5/30/2019 21:00,804.77
5/30/2019 4:00,804.79
5/29/2019 11:00,804.71
5/28/2019 18:00,804.75
5/28/2019 1:00,804.7
5/27/2019 8:00,804.58
5/26/2019 15:00,804.48
5/25/2019 22:00,804.51
5/25/2019 5:00,804.66
5/24/2019 12:00,804.68
5/23/2019 19:00,804.54
5/23/2019 1:00,804.77
5/22/2019 8:00,804.96
5/21/2019 15:00,804.68
5/20/2019 22:00,804.65
5/20/2019 5:00,804.66
5/19/2019 12:00,804.83
5/18/2019 19:00,804.86
5/18/2019 2:00,804.84
5/17/2019 9:00,804.69
5/16/2019 16:00,804.85
5/15/2019 23:00,804.79
5/15/2019 6:00,804.65
5/14/2019 12:00,804.67
5/13/2019 19:00,804.69
5/13/2019 2:00,804.67
5/12/2019 9:00,804.67
5/11/2019 16:00,804.67
5/10/2019 23:00,804.59
5/10/2019 6:00,804.59
5/9/2019 13:00,804.65
5/8/2019 20:00,804.86
5/8/2019 3:00,804.58
5/7/2019 10:00,804.47
5/6/2019 16:00,804.61
5/5/2019 23:00,804.74
5/5/2019 6:00,804.84
5/4/2019 13:00,804.76
5/3/2019 20:00,804.8
5/3/2019 3:00,804.68
5/2/2019 10:00,804.64
5/1/2019 17:00,804.77
5/1/2019 0:00,804.72
4/30/2019 7:00,804.66
4/29/2019 14:00,804.81
4/28/2019 20:00,804.77
4/28/2019 3:00,804.77
4/27/2019 10:00,804.81
4/26/2019 17:00,804.79
4/26/2019 0:00,804.83
4/25/2019 7:00,804.88
4/24/2019 14:00,804.9
4/23/2019 21:00,804.77
4/23/2019 4:00,804.67
4/22/2019 11:00,804.68
4/21/2019 18:00,804.77
4/21/2019 0:00,804.77
4/20/2019 7:00,804.7
4/19/2019 14:00,804.53
4/18/2019 21:00,804.55
4/18/2019 4:00,804.69
4/17/2019 11:00,804.69
4/16/2019 18:00,804.52
4/16/2019 1:00,804.59
4/15/2019 8:00,804.56
4/14/2019 15:00,804.58
4/13/2019 22:00,804.42
4/13/2019 4:00,804.58
4/12/2019 11:00,804.84
4/11/2019 18:00,804.79
4/11/2019 1:00,804.57
4/10/2019 8:00,804.47
4/9/2019 15:00,804.53
4/8/2019 22:00,804.62
4/8/2019 5:00,804.64
4/7/2019 12:00,804.68
4/6/2019 19:00,804.64
4/6/2019 2:00,804.56
4/5/2019 8:00,804.54
4/4/2019 15:00,804.46
4/3/2019 22:00,804.38
4/3/2019 5:00,804.56
4/2/2019 12:00,804.63
4/1/2019 19:00,804.58
4/1/2019 2:00,804.54
3/31/2019 9:00,804.41
3/30/2019 16:00,804.46
3/29/2019 23:00,804.57
3/29/2019 6:00,804.46
3/28/2019 12:00,804.51
3/27/2019 19:00,804.64
3/27/2019 2:00,804.55
3/26/2019 9:00,804.31
3/25/2019 16:00,804.24
3/24/2019 23:00,804.24
3/24/2019 6:00,804.26
3/23/2019 13:00,804.06
3/22/2019 20:00,803.96
3/22/2019 3:00,803.9
3/21/2019 10:00,803.86
3/20/2019 16:00,803.93
3/19/2019 23:00,803.8
3/19/2019 6:00,803.77
3/18/2019 13:00,803.66
3/17/2019 20:00,803.65
3/17/2019 3:00,803.69
3/16/2019 10:00,803.58
3/15/2019 17:00,803.69
3/15/2019 0:00,803.94
3/14/2019 7:00,804.24
3/13/2019 14:00,804.02
3/12/2019 20:00,803.86
3/12/2019 3:00,803.6
3/11/2019 10:00,803.44
3/10/2019 17:00,803.57
3/10/2019 0:00,803.89
3/9/2019 7:00,803.78
3/8/2019 14:00,803.55
3/7/2019 21:00,803.46
3/7/2019 4:00,803.37
3/6/2019 11:00,803.41
3/5/2019 18:00,803.43
3/5/2019 1:00,803.5
3/4/2019 7:00,803.42
3/3/2019 14:00,803.31
3/2/2019 21:00,803.19
3/2/2019 4:00,803.29
3/1/2019 11:00,803.33
2/28/2019 18:00,803.32
2/28/2019 1:00,803.23
2/27/2019 8:00,803.19
2/26/2019 15:00,803.06
2/25/2019 22:00,802.97
2/25/2019 5:00,803.01
2/24/2019 11:00,803.35
2/23/2019 18:00,803.44
2/23/2019 1:00,803.15
2/22/2019 8:00,802.96
2/21/2019 15:00,803.02
2/20/2019 22:00,803.3
2/20/2019 5:00,803.15
2/19/2019 12:00,802.74
2/18/2019 19:00,802.74
2/18/2019 2:00,802.81
2/17/2019 9:00,803.0
2/16/2019 15:00,802.93
2/15/2019 22:00,802.79
2/15/2019 5:00,802.89
2/14/2019 12:00,803.09
2/13/2019 19:00,802.98
2/13/2019 2:00,802.82
2/12/2019 9:00,802.89
2/11/2019 16:00,802.68
2/10/2019 23:00,802.57
2/10/2019 6:00,802.43
2/9/2019 13:00,802.2
2/8/2019 19:00,802.15
2/8/2019 2:00,802.36
2/7/2019 9:00,802.61
2/6/2019 16:00,802.42
2/5/2019 23:00,802.35
2/5/2019 6:00,802.26
2/4/2019 13:00,802.37
2/3/2019 20:00,802.47
2/3/2019 3:00,802.48
2/2/2019 10:00,802.31
2/1/2019 17:00,802.16
1/31/2019 23:00,801.98
1/31/2019 6:00,801.95
1/30/2019 13:00,801.87
1/29/2019 20:00,801.87
1/29/2019 3:00,801.99
1/28/2019 10:00,801.98
1/27/2019 17:00,801.97
1/27/2019 0:00,801.73
1/26/2019 7:00,801.76
1/25/2019 14:00,801.66
1/24/2019 21:00,801.6
1/24/2019 3:00,801.75
1/23/2019 10:00,801.74
1/22/2019 17:00,801.64
1/22/2019 0:00,801.56
1/21/2019 7:00,801.43
1/20/2019 14:00,801.38
1/19/2019 21:00,801.4
1/19/2019 4:00,801.42
1/18/2019 11:00,801.46
1/17/2019 18:00,801.54
1/17/2019 1:00,801.55
1/16/2019 7:00,801.45
1/15/2019 14:00,801.69
1/14/2019 21:00,801.49
1/14/2019 4:00,801.5
1/13/2019 11:00,801.38
1/12/2019 18:00,801.4
1/12/2019 1:00,801.5
1/11/2019 8:00,801.57
1/10/2019 15:00,801.52
1/9/2019 22:00,801.41
1/9/2019 5:00,801.43
1/8/2019 11:00,801.73
1/7/2019 18:00,801.9
1/7/2019 1:00,801.92
1/6/2019 8:00,801.65
1/5/2019 15:00,801.78
1/4/2019 22:00,801.83
1/4/2019 5:00,801.9
1/3/2019 12:00,801.89
1/2/2019 19:00,801.79
1/2/2019 2:00,801.67
1/1/2019 9:00,801.48
12/31/2018 14:00,801.86
12/30/2018 9:00,801.95
12/29/2018 4:00,801.58
12/27/2018 23:00,802.06
12/26/2018 18:00,801.6
12/25/2018 12:00,801.52
12/24/2018 7:00,801.47
12/23/2018 2:00,801.47
12/21/2018 21:00,801.52
12/20/2018 16:00,801.44
12/19/2018 10:00,801.51
12/18/2018 5:00,801.28
12/17/2018 0:00,801.02
12/15/2018 19:00,801.05
12/14/2018 14:00,800.9
12/13/2018 8:00,800.88
12/12/2018 3:00,800.9
12/10/2018 22:00,800.69
12/9/2018 17:00,800.43
12/8/2018 11:00,800.24
12/7/2018 6:00,800.2
12/6/2018 1:00,800.21
12/4/2018 20:00,800.22
12/3/2018 15:00,800.13
12/2/2018 9:00,800.36
12/1/2018 4:00,800.19
11/29/2018 23:00,800.19
11/28/2018 18:00,800.22
11/27/2018 13:00,800.11
11/26/2018 7:00,799.97
11/25/2018 2:00,799.92
11/23/2018 21:00,800.18
11/22/2018 16:00,799.82
11/21/2018 10:00,799.43
11/20/2018 5:00,799.39
11/19/2018 0:00,799.42
11/17/2018 19:00,799.05
11/16/2018 14:00,799.15
11/15/2018 8:00,799.08
11/14/2018 3:00,798.66
11/12/2018 22:00,798.49
11/11/2018 17:00,798.52
11/10/2018 12:00,798.37
11/9/2018 6:00,798.31
11/8/2018 1:00,798.06
11/6/2018 20:00,798.26
11/5/2018 15:00,798.34
11/4/2018 9:00,798.01
11/3/2018 3:00,797.94
11/1/2018 22:00,797.85
10/31/2018 17:00,797.73
10/30/2018 12:00,797.72
10/29/2018 6:00,797.51
10/28/2018 1:00,797.62
10/26/2018 20:00,797.5
10/25/2018 15:00,797.23
10/24/2018 10:00,796.88
10/23/2018 4:00,796.8
10/21/2018 23:00,796.82
10/20/2018 18:00,796.52
10/19/2018 13:00,796.7
10/18/2018 7:00,796.21
10/17/2018 2:00,796.13
10/15/2018 21:00,796.09
10/14/2018 16:00,795.95
10/13/2018 11:00,796.07
10/12/2018 5:00,795.87
10/11/2018 0:00,795.94
10/9/2018 19:00,795.91
10/8/2018 14:00,795.75
10/7/2018 9:00,795.48
10/6/2018 3:00,795.57
10/4/2018 22:00,795.36
10/3/2018 17:00,795.69
10/2/2018 12:00,795.29
10/1/2018 6:00,795.02
9/30/2018 1:00,794.9
9/28/2018 20:00,794.75
9/27/2018 15:00,794.75
9/26/2018 10:00,794.44
9/25/2018 4:00,794.38
9/23/2018 23:00,794.07
9/22/2018 18:00,793.72
9/21/2018 13:00,793.11
9/20/2018 8:00,792.87
9/19/2018 2:00,794.96
9/17/2018 21:00,794.95
9/16/2018 16:00,795.02
9/15/2018 11:00,794.91
9/14/2018 6:00,794.9
9/13/2018 0:00,794.9
9/11/2018 19:00,794.98
9/10/2018 14:00,794.88
9/9/2018 9:00,794.71
9/8/2018 3:00,794.58
9/6/2018 22:00,794.49
9/5/2018 17:00,794.51
9/4/2018 12:00,794.54
9/3/2018 7:00,794.39
9/2/2018 1:00,794.58
8/31/2018 20:00,794.58
8/30/2018 15:00,794.42
8/29/2018 10:00,794.35
8/28/2018 5:00,794.55
8/26/2018 23:00,794.61
8/25/2018 18:00,794.52
8/24/2018 13:00,794.63
8/23/2018 8:00,794.44
8/22/2018 2:00,794.4
8/20/2018 21:00,794.49
8/19/2018 16:00,794.59
8/18/2018 11:00,794.46
8/17/2018 6:00,794.42
8/16/2018 0:00,794.45
8/14/2018 19:00,794.42
8/13/2018 14:00,794.26
8/12/2018 9:00,794.05
8/11/2018 4:00,794.03
8/9/2018 22:00,793.83
8/8/2018 17:00,793.75
8/7/2018 12:00,793.69
8/6/2018 7:00,793.48
8/5/2018 1:00,793.39
8/3/2018 20:00,793.27
8/2/2018 15:00,792.76
8/1/2018 10:00,793.08
7/31/2018 5:00,792.65
7/29/2018 23:00,792.53
7/28/2018 18:00,792.08
7/27/2018 13:00,791.96
7/26/2018 8:00,790.76
7/25/2018 3:00,791.12
7/23/2018 21:00,790.55
7/22/2018 16:00,789.47
7/21/2018 11:00,788.5
7/20/2018 6:00,784.36
7/19/2018 0:00,783.42
7/17/2018 19:00,788.74
7/16/2018 14:00,791.38
7/15/2018 9:00,790.84
7/14/2018 4:00,787.47
7/12/2018 22:00,786.55
7/11/2018 17:00,788.36
7/10/2018 12:00,793.19
7/9/2018 7:00,794.19
7/8/2018 2:00,793.8
7/6/2018 20:00,793.15
7/5/2018 15:00,792.38
7/4/2018 10:00,791.51
7/3/2018 5:00,789.92
7/1/2018 23:00,786.99
6/30/2018 18:00,789.02
6/29/2018 13:00,794.13
6/28/2018 8:00,795.41
6/27/2018 3:00,795.05
6/25/2018 21:00,794.47
6/24/2018 16:00,793.97
6/23/2018 11:00,793.38
6/22/2018 6:00,792.48
6/21/2018 1:00,791.52
6/19/2018 19:00,789.83
6/18/2018 14:00,787.15
6/17/2018 9:00,789.12
6/16/2018 4:00,791.84
6/14/2018 23:00,793.88
6/13/2018 17:00,793.2
6/12/2018 12:00,792.57
6/11/2018 7:00,791.89
6/10/2018 2:00,790.91
6/8/2018 20:00,789.43
6/7/2018 15:00,787.56
6/6/2018 10:00,785.37
6/5/2018 5:00,783.32
6/4/2018 0:00,781.92
6/2/2018 18:00,786.3
6/1/2018 13:00,786.69
5/31/2018 8:00,783.25
5/30/2018 3:00,776.67
5/28/2018 22:00,777.74
5/27/2018 16:00,784.94
5/26/2018 11:00,793.96
5/25/2018 6:00,791.84
5/24/2018 1:00,800.78
5/22/2018 19:00,800.72
5/21/2018 14:00,800.69
5/20/2018 9:00,800.4
5/19/2018 4:00,800.41
5/17/2018 23:00,799.91
5/16/2018 17:00,800.82
5/15/2018 12:00,800.54
5/14/2018 7:00,800.55
5/13/2018 2:00,800.31
5/11/2018 21:00,800.07
5/10/2018 15:00,799.84
5/9/2018 10:00,799.63
5/8/2018 5:00,798.65
5/7/2018 0:00,800.68
5/5/2018 18:00,800.71
5/4/2018 13:00,800.58
5/3/2018 8:00,800.5
5/2/2018 3:00,800.41
4/30/2018 22:00,800.31
4/29/2018 16:00,799.89
4/28/2018 11:00,799.48
4/27/2018 6:00,799.6
4/26/2018 1:00,799.32
4/24/2018 20:00,798.85
4/23/2018 14:00,798.73
4/22/2018 9:00,798.37
4/21/2018 4:00,798.11
4/19/2018 23:00,797.9
4/18/2018 17:00,797.82
4/17/2018 12:00,797.58
4/16/2018 7:00,797.26
4/15/2018 2:00,796.89
4/13/2018 21:00,796.5
4/12/2018 15:00,796.32
4/11/2018 10:00,795.72
4/10/2018 5:00,795.08
4/9/2018 0:00,794.54
4/7/2018 19:00,793.79
4/6/2018 13:00,792.82
4/5/2018 8:00,791.59
4/4/2018 3:00,791.17
4/2/2018 22:00,789.17
4/1/2018 16:00,791.03
3/31/2018 11:00,788.81
3/30/2018 6:00,791.17
3/29/2018 1:00,788.88
3/27/2018 20:00,793.54
3/26/2018 14:00,794.46
3/25/2018 9:00,793.89
3/24/2018 4:00,793.46
3/22/2018 23:00,792.75
3/21/2018 18:00,792.11
3/20/2018 12:00,791.28
3/19/2018 7:00,790.17
3/18/2018 2:00,788.28
3/16/2018 21:00,785.03
3/15/2018 16:00,791.96
3/14/2018 10:00,793.1
3/13/2018 5:00,792.49
3/12/2018 0:00,792.09
3/10/2018 19:00,791.7
3/9/2018 13:00,791.29
3/8/2018 8:00,790.69
3/7/2018 3:00,790.2
3/5/2018 22:00,789.84
3/4/2018 17:00,788.95
3/3/2018 11:00,788.08
3/2/2018 6:00,787.29
3/1/2018 1:00,786.66
2/27/2018 20:00,785.86
2/26/2018 15:00,784.89
2/25/2018 9:00,783.93
2/24/2018 4:00,782.41
2/22/2018 23:00,781.09
2/21/2018 18:00,779.29
2/20/2018 12:00,777.89
2/19/2018 7:00,775.93
2/18/2018 2:00,773.35
2/16/2018 21:00,770.48
2/15/2018 16:00,766.84
2/14/2018 10:00,763.18
2/13/2018 5:00,757.7
2/12/2018 0:00,752.55
2/10/2018 19:00,757.34
2/9/2018 14:00,748.74
2/8/2018 8:00,744.8
2/7/2018 3:00,746.14
2/5/2018 22:00,745.09
2/4/2018 17:00,745.78
2/3/2018 11:00,746.7
2/2/2018 6:00,747.16
2/1/2018 1:00,748.33
1/30/2018 20:00,749.72
1/29/2018 15:00,750.46
1/28/2018 9:00,751.88
1/27/2018 4:00,753.97
1/25/2018 23:00,756.65
1/24/2018 18:00,756.37
1/23/2018 13:00,756.53
1/22/2018 7:00,756.88
1/21/2018 2:00,758.72
1/19/2018 21:00,761.36
1/18/2018 16:00,762.43
1/17/2018 10:00,765.12
1/16/2018 5:00,768.86
1/15/2018 0:00,770.31
1/13/2018 19:00,772.04
1/12/2018 14:00,776.96
1/11/2018 8:00,784.03
1/10/2018 3:00,794.23
1/8/2018 22:00,798.93
1/7/2018 17:00,798.99
1/6/2018 12:00,798.55
1/5/2018 6:00,798.4
1/4/2018 1:00,798.37
1/2/2018 20:00,798.56
1/1/2018 15:00,798.05
12/31/2017 14:00,797.92
12/30/2017 9:00,797.87
12/29/2017 4:00,797.91
12/27/2017 23:00,797.63
12/26/2017 18:00,797.5
12/25/2017 12:00,797.54
12/24/2017 7:00,797.52
12/23/2017 2:00,797.3
12/21/2017 21:00,797.21
12/20/2017 16:00,797.05
12/19/2017 10:00,796.88
12/18/2017 5:00,796.83
12/17/2017 0:00,796.38
12/15/2017 19:00,796.46
12/14/2017 14:00,796.1
12/13/2017 8:00,796.27
12/12/2017 3:00,795.6
12/10/2017 22:00,795.55
12/9/2017 17:00,795.32
12/8/2017 11:00,795.21
12/7/2017 6:00,794.77
12/6/2017 1:00,794.77
12/4/2017 20:00,794.92
12/3/2017 15:00,794.38
12/2/2017 9:00,793.98
12/1/2017 4:00,793.78
11/29/2017 23:00,793.57
11/28/2017 18:00,793.2
11/27/2017 13:00,793.28
11/26/2017 7:00,792.69
11/25/2017 2:00,792.54
11/23/2017 21:00,792.38
11/22/2017 16:00,791.78
11/21/2017 10:00,791.46
11/20/2017 5:00,791.31
11/19/2017 0:00,790.67
11/17/2017 19:00,790.57
11/16/2017 14:00,789.88
11/15/2017 8:00,789.6
11/14/2017 3:00,789.03
11/12/2017 22:00,788.35
11/11/2017 17:00,788.02
11/10/2017 12:00,787.26
11/9/2017 6:00,786.76
11/8/2017 1:00,786.11
11/6/2017 20:00,785.45
11/5/2017 15:00,784.86
11/4/2017 8:00,783.93
11/3/2017 3:00,783.33
11/1/2017 22:00,782.79
10/31/2017 17:00,781.65
10/30/2017 12:00,780.64
10/29/2017 6:00,779.35
10/28/2017 1:00,777.67
10/26/2017 20:00,775.92
10/25/2017 15:00,773.45
10/24/2017 10:00,769.61
10/23/2017 4:00,773.29
10/21/2017 23:00,770.29
10/20/2017 18:00,767.02
10/19/2017 13:00,767.19
10/18/2017 7:00,767.01
10/17/2017 2:00,763.43
10/15/2017 21:00,768.37
10/14/2017 16:00,765.29
10/13/2017 11:00,761.8
10/12/2017 5:00,757.34
10/11/2017 0:00,757.13
10/9/2017 19:00,757.21
10/8/2017 14:00,757.77
10/7/2017 9:00,751.69
10/6/2017 3:00,750.16
10/4/2017 22:00,743.31
10/3/2017 17:00,739.41
10/2/2017 12:00,739.09
10/1/2017 6:00,740.15
9/30/2017 1:00,741.35
9/28/2017 20:00,743.39
9/27/2017 15:00,746.45
9/26/2017 10:00,745.82
9/25/2017 4:00,745.51
9/23/2017 23:00,746.84
9/22/2017 18:00,747.21
9/21/2017 13:00,748.36
9/20/2017 8:00,749.18
9/19/2017 2:00,747.54
9/17/2017 21:00,747.51
9/16/2017 16:00,748.26
9/15/2017 11:00,747.75
9/14/2017 6:00,749.89
9/13/2017 0:00,746.49
9/11/2017 19:00,748.5
9/10/2017 14:00,751.87
9/9/2017 9:00,754.04
9/8/2017 3:00,754.85
9/6/2017 22:00,754.87
9/5/2017 17:00,753.49
9/4/2017 12:00,758.96
9/3/2017 7:00,759.28
9/2/2017 1:00,760.14
8/31/2017 20:00,757.62
8/30/2017 15:00,755.68
8/29/2017 10:00,756.0
8/28/2017 5:00,759.27
8/26/2017 23:00,763.48
8/25/2017 18:00,756.9
8/24/2017 13:00,755.7
8/23/2017 8:00,761.04
8/22/2017 2:00,755.94
8/20/2017 21:00,758.21
8/19/2017 16:00,763.89
8/18/2017 11:00,766.05
8/17/2017 6:00,763.18
8/16/2017 0:00,765.09
8/14/2017 19:00,763.23
8/13/2017 14:00,764.88
8/12/2017 9:00,771.21
8/11/2017 4:00,774.3
8/9/2017 22:00,772.72
8/8/2017 17:00,774.89
8/7/2017 12:00,775.49
8/6/2017 7:00,772.23
8/5/2017 1:00,769.94
8/3/2017 20:00,767.86
8/2/2017 15:00,764.12
8/1/2017 10:00,768.19
7/31/2017 5:00,773.78
7/29/2017 23:00,771.47
7/28/2017 18:00,767.74
7/27/2017 13:00,765.06
7/26/2017 8:00,767.45
7/25/2017 3:00,763.77
7/23/2017 21:00,760.27
7/22/2017 16:00,762.14
7/21/2017 11:00,764.52
7/20/2017 6:00,770.09
7/19/2017 0:00,770.4
7/17/2017 19:00,769.45
7/16/2017 14:00,766.77
7/15/2017 9:00,764.18
7/14/2017 4:00,759.83
7/12/2017 22:00,754.45
7/11/2017 17:00,752.91
7/10/2017 12:00,754.41
7/9/2017 7:00,749.72
7/8/2017 2:00,740.14
7/6/2017 20:00,737.51
7/5/2017 15:00,737.78
7/4/2017 10:00,738.22
7/3/2017 5:00,739.0
7/1/2017 23:00,740.45
6/30/2017 18:00,740.77
6/29/2017 13:00,739.88
6/28/2017 8:00,738.35
6/27/2017 3:00,738.53
6/25/2017 21:00,739.15
6/24/2017 16:00,740.01
6/23/2017 11:00,741.54
6/22/2017 6:00,741.02
6/21/2017 1:00,741.93
6/19/2017 19:00,739.62
6/18/2017 14:00,740.26
6/17/2017 9:00,741.02
6/16/2017 4:00,741.59
6/14/2017 23:00,742.48
6/13/2017 17:00,743.73
6/12/2017 12:00,745.38
6/11/2017 7:00,744.12
6/10/2017 2:00,744.09
6/8/2017 20:00,744.35
6/7/2017 15:00,744.99
6/6/2017 10:00,745.78
6/5/2017 5:00,746.51
6/4/2017 0:00,747.29
6/2/2017 18:00,748.15
6/1/2017 13:00,749.05
5/31/2017 8:00,750.71
5/30/2017 3:00,749.41
5/28/2017 22:00,750.57
5/27/2017 16:00,751.88
5/26/2017 11:00,753.46
5/25/2017 6:00,751.96
5/24/2017 1:00,752.89
5/22/2017 19:00,754.04
5/21/2017 14:00,755.24
5/20/2017 9:00,756.47
5/19/2017 4:00,757.99
5/17/2017 23:00,760.38
5/16/2017 17:00,763.07
5/15/2017 12:00,761.98
5/14/2017 7:00,764.12
5/13/2017 2:00,766.66
5/11/2017 21:00,769.27
5/10/2017 15:00,772.18
5/9/2017 10:00,777.14
5/8/2017 5:00,775.96
5/7/2017 0:00,781.06
5/5/2017 18:00,785.72
5/4/2017 13:00,794.89
5/3/2017 8:00,793.23
5/2/2017 3:00,802.21
4/30/2017 22:00,801.13
4/29/2017 16:00,798.45
4/28/2017 11:00,803.91
4/27/2017 6:00,805.91
4/26/2017 1:00,805.93
4/24/2017 20:00,805.87
4/23/2017 14:00,805.61
4/22/2017 9:00,805.38
4/21/2017 4:00,805.49
4/19/2017 23:00,805.61
4/18/2017 17:00,805.49
4/17/2017 12:00,805.27
4/16/2017 7:00,805.39
4/15/2017 2:00,805.44
4/13/2017 21:00,805.12
4/12/2017 15:00,805.0
4/11/2017 10:00,804.82
4/10/2017 5:00,805.31
4/9/2017 0:00,805.27
4/7/2017 19:00,804.94
4/6/2017 13:00,805.11
4/5/2017 8:00,805.16
4/4/2017 3:00,805.32
4/2/2017 22:00,805.21
4/1/2017 16:00,804.97
3/31/2017 11:00,805.0
3/30/2017 6:00,805.09
3/29/2017 1:00,804.88
3/27/2017 20:00,805.01
3/26/2017 14:00,805.04
3/25/2017 9:00,804.88
3/24/2017 4:00,805.08
3/22/2017 23:00,804.77
3/21/2017 18:00,804.61
3/20/2017 12:00,804.76
3/19/2017 7:00,804.75
3/18/2017 2:00,804.67
3/16/2017 21:00,804.78
3/15/2017 16:00,804.5
3/14/2017 10:00,804.36
3/13/2017 5:00,804.43
3/12/2017 0:00,804.25
3/10/2017 19:00,804.28
3/9/2017 13:00,804.39
3/8/2017 8:00,804.59
3/7/2017 3:00,804.92
3/5/2017 22:00,804.69
3/4/2017 17:00,804.41
3/3/2017 11:00,804.18
3/2/2017 6:00,804.33
3/1/2017 1:00,804.59
2/27/2017 20:00,804.59
2/26/2017 15:00,804.52
2/25/2017 9:00,804.47
2/24/2017 4:00,804.5
2/22/2017 23:00,804.52
2/21/2017 18:00,804.56
2/20/2017 12:00,804.53
2/19/2017 7:00,804.4
2/18/2017 2:00,804.58
2/16/2017 21:00,804.62
2/15/2017 16:00,804.41
2/14/2017 10:00,804.45
2/13/2017 5:00,804.24
2/12/2017 0:00,804.34
2/10/2017 19:00,804.58
2/9/2017 14:00,804.25
2/8/2017 8:00,804.28
2/7/2017 3:00,804.65
2/5/2017 22:00,804.32
2/4/2017 17:00,804.46
2/3/2017 11:00,804.02
2/2/2017 6:00,804.01
2/1/2017 1:00,804.23
1/30/2017 20:00,804.5
1/29/2017 15:00,804.25
1/28/2017 9:00,804.29
1/27/2017 4:00,804.2
1/25/2017 23:00,804.21
1/24/2017 18:00,804.24
1/23/2017 13:00,804.2
1/22/2017 7:00,804.26
1/21/2017 2:00,804.38
1/19/2017 21:00,804.24
1/18/2017 16:00,804.13
1/17/2017 10:00,804.09
1/16/2017 5:00,803.97
1/15/2017 0:00,803.78
1/13/2017 19:00,803.69
1/12/2017 14:00,803.87
1/11/2017 8:00,804.12
1/10/2017 3:00,804.28
1/8/2017 22:00,803.81
1/7/2017 17:00,803.49
1/6/2017 12:00,803.71
1/5/2017 6:00,803.72
1/4/2017 1:00,803.61
1/2/2017 20:00,803.73
1/1/2017 15:00,803.59
12/31/2016 14:00,803.7
12/30/2016 9:00,803.57
12/29/2016 4:00,803.56
12/27/2016 23:00,803.37
12/26/2016 17:00,803.4
12/25/2016 12:00,803.18
12/24/2016 7:00,803.08
12/23/2016 1:00,803.03
12/21/2016 20:00,802.92
12/20/2016 15:00,802.86
12/19/2016 10:00,802.63
12/18/2016 4:00,802.43
12/16/2016 23:00,802.66
12/15/2016 18:00,802.31
12/14/2016 12:00,802.22
12/13/2016 7:00,802.16
12/12/2016 2:00,802.12
12/10/2016 21:00,801.84
12/9/2016 15:00,801.61
12/8/2016 10:00,801.54
12/7/2016 5:00,801.65
12/5/2016 23:00,801.76
12/4/2016 18:00,801.61
12/3/2016 13:00,801.15
12/2/2016 8:00,801.03
12/1/2016 2:00,801.15
11/29/2016 21:00,801.21
11/28/2016 16:00,801.38
11/27/2016 10:00,800.74
11/26/2016 5:00,800.47
11/25/2016 0:00,800.3
11/23/2016 19:00,800.29
11/22/2016 13:00,800.16
11/21/2016 8:00,799.88
11/20/2016 3:00,799.7
11/18/2016 21:00,799.83
11/17/2016 16:00,799.93
11/16/2016 11:00,799.72
11/15/2016 5:00,799.56
11/14/2016 0:00,799.4
11/12/2016 19:00,799.2
11/11/2016 14:00,798.85
11/10/2016 8:00,799.01
11/9/2016 3:00,798.62
11/7/2016 22:00,798.57
11/6/2016 16:00,798.45
11/5/2016 10:00,798.22
11/4/2016 5:00,798.01
11/3/2016 0:00,797.94
11/1/2016 18:00,797.93
10/31/2016 13:00,797.96
10/30/2016 8:00,797.46
10/29/2016 2:00,797.49
10/27/2016 21:00,797.21
10/26/2016 16:00,797.07
10/25/2016 11:00,796.71
10/24/2016 5:00,796.49
10/23/2016 0:00,796.64
10/21/2016 19:00,796.41
10/20/2016 13:00,796.08
10/19/2016 8:00,796.06
10/18/2016 3:00,796.18
10/16/2016 22:00,796.0
10/15/2016 16:00,795.77
10/14/2016 11:00,795.41
10/13/2016 6:00,795.08
10/12/2016 0:00,795.06
10/10/2016 19:00,794.88
10/9/2016 14:00,794.55
10/8/2016 8:00,794.37
10/7/2016 3:00,794.34
10/5/2016 22:00,794.21
10/4/2016 17:00,794.19
10/3/2016 11:00,793.82
10/2/2016 6:00,793.59
10/1/2016 1:00,793.27
9/29/2016 19:00,792.92
9/28/2016 14:00,792.71
9/27/2016 9:00,792.7
9/26/2016 4:00,792.45
9/24/2016 22:00,792.16
9/23/2016 17:00,791.87
9/22/2016 12:00,791.65
9/21/2016 6:00,791.35
9/20/2016 1:00,791.03
9/18/2016 20:00,790.98
9/17/2016 15:00,790.63
9/16/2016 9:00,790.34
9/15/2016 4:00,789.89
9/13/2016 23:00,789.45
9/12/2016 17:00,789.38
9/11/2016 12:00,788.93
9/10/2016 7:00,788.51
9/9/2016 2:00,788.2
9/7/2016 20:00,787.78
9/6/2016 15:00,787.03
9/5/2016 10:00,786.85
9/4/2016 4:00,784.31
9/2/2016 23:00,785.62
9/1/2016 18:00,785.25
8/31/2016 12:00,784.51
8/30/2016 7:00,783.62
8/29/2016 2:00,782.92
8/27/2016 21:00,782.12
8/26/2016 15:00,780.37
8/25/2016 10:00,781.06
8/24/2016 5:00,781.26
8/22/2016 23:00,780.01
8/21/2016 18:00,779.1
8/20/2016 13:00,777.85
8/19/2016 8:00,776.13
8/18/2016 2:00,772.24
8/16/2016 21:00,770.75
8/15/2016 16:00,771.22
8/14/2016 10:00,771.09
8/13/2016 5:00,769.16
8/12/2016 0:00,764.65
8/10/2016 19:00,760.0
8/9/2016 13:00,758.73
8/8/2016 8:00,756.91
8/7/2016 3:00,762.42
8/5/2016 21:00,765.11
8/4/2016 16:00,759.86
8/3/2016 11:00,763.37
8/2/2016 6:00,760.56
8/1/2016 0:00,763.36
7/30/2016 19:00,758.22
7/29/2016 14:00,759.96
7/28/2016 8:00,757.64
7/27/2016 3:00,754.91
7/25/2016 22:00,753.78
7/24/2016 17:00,751.78
7/23/2016 11:00,757.07
7/22/2016 6:00,754.26
7/21/2016 1:00,753.27
7/19/2016 19:00,752.61
7/18/2016 14:00,757.22
7/17/2016 9:00,757.69
7/16/2016 3:00,760.14
7/14/2016 22:00,755.56
7/13/2016 17:00,756.31
7/12/2016 12:00,756.27
7/11/2016 6:00,756.54
7/10/2016 1:00,753.7
7/8/2016 20:00,752.68
7/7/2016 14:00,752.7
7/6/2016 9:00,750.3
7/5/2016 4:00,747.71
7/3/2016 23:00,749.3
7/2/2016 17:00,751.14
7/1/2016 12:00,754.38
6/30/2016 7:00,748.58
6/29/2016 1:00,752.62
6/27/2016 20:00,754.51
6/26/2016 15:00,756.25
6/25/2016 10:00,759.0
6/24/2016 4:00,760.13
6/22/2016 23:00,765.47
6/21/2016 18:00,770.02
6/20/2016 12:00,776.22
6/19/2016 7:00,785.67
6/18/2016 2:00,781.45
6/16/2016 21:00,784.22
6/15/2016 15:00,782.04
6/14/2016 10:00,782.3
6/13/2016 5:00,788.39
6/11/2016 23:00,785.56
6/10/2016 18:00,782.98
6/9/2016 13:00,786.23
6/8/2016 7:00,796.22
6/7/2016 2:00,796.04
6/5/2016 21:00,795.95
6/4/2016 16:00,795.58
6/3/2016 10:00,795.12
6/2/2016 5:00,794.64
6/1/2016 0:00,794.11
5/30/2016 18:00,793.3
5/29/2016 13:00,792.16
5/28/2016 8:00,790.77
5/27/2016 3:00,788.25
5/25/2016 21:00,787.29
5/24/2016 16:00,790.29
5/23/2016 11:00,785.9
5/22/2016 5:00,794.02
5/21/2016 0:00,799.56
5/19/2016 19:00,800.57
5/18/2016 14:00,800.4
5/17/2016 8:00,800.41
5/16/2016 3:00,800.57
5/14/2016 22:00,800.48
5/13/2016 16:00,800.52
5/12/2016 11:00,800.46
5/11/2016 6:00,800.45
5/10/2016 1:00,800.52
5/8/2016 19:00,800.48
5/7/2016 14:00,800.28
5/6/2016 9:00,800.37
5/5/2016 3:00,800.32
5/3/2016 22:00,800.41
5/2/2016 17:00,800.28
5/1/2016 11:00,800.12
4/30/2016 6:00,800.1
4/29/2016 1:00,799.99
4/27/2016 20:00,800.05
4/26/2016 14:00,799.86
4/25/2016 9:00,800.02
4/24/2016 4:00,799.71
4/22/2016 22:00,799.39
4/21/2016 17:00,799.43
4/20/2016 12:00,799.13
4/19/2016 7:00,798.93
4/18/2016 1:00,798.61
4/16/2016 20:00,798.34
4/15/2016 15:00,798.39
4/14/2016 9:00,799.35
4/13/2016 4:00,799.31
4/11/2016 23:00,799.14
4/10/2016 18:00,799.38
4/9/2016 12:00,799.07
4/8/2016 7:00,799.13
4/7/2016 2:00,799.18
4/5/2016 20:00,799.12
4/4/2016 15:00,798.73
4/3/2016 10:00,799.05
4/2/2016 5:00,798.92
3/31/2016 23:00,798.73
3/30/2016 18:00,798.67
3/29/2016 13:00,798.19
3/28/2016 7:00,797.99
3/27/2016 2:00,797.71
3/25/2016 21:00,797.36
3/24/2016 16:00,796.76
3/23/2016 10:00,795.75
3/22/2016 5:00,794.17
3/21/2016 0:00,796.52
3/19/2016 18:00,798.99
3/18/2016 13:00,798.85
3/17/2016 8:00,798.71
3/16/2016 2:00,798.12
3/14/2016 21:00,800.0
3/13/2016 16:00,799.92
3/12/2016 10:00,799.76
3/11/2016 4:00,799.64
3/9/2016 23:00,799.71
3/8/2016 18:00,799.97
3/7/2016 12:00,799.96
3/6/2016 7:00,799.89
3/5/2016 2:00,799.73
3/3/2016 21:00,799.63
3/2/2016 15:00,799.76
3/1/2016 10:00,799.65
2/29/2016 5:00,799.89
2/27/2016 23:00,800.07
2/26/2016 18:00,799.75
2/25/2016 13:00,799.57
2/24/2016 8:00,799.75
2/23/2016 2:00,799.67
2/21/2016 21:00,799.56
2/20/2016 16:00,799.72
2/19/2016 10:00,800.13
2/18/2016 5:00,799.72
2/17/2016 0:00,799.65
2/15/2016 19:00,799.9
2/14/2016 13:00,799.8
2/13/2016 8:00,799.38
2/12/2016 3:00,799.58
2/10/2016 21:00,799.62
2/9/2016 16:00,799.63
2/8/2016 11:00,799.72
2/7/2016 5:00,799.89
2/6/2016 0:00,799.49
2/4/2016 19:00,799.44
2/3/2016 14:00,799.55
2/2/2016 8:00,799.46
2/1/2016 3:00,799.39
1/30/2016 22:00,799.48
1/29/2016 16:00,799.4
1/28/2016 11:00,799.16
1/27/2016 6:00,798.93
1/26/2016 1:00,798.89
1/24/2016 19:00,798.9
1/23/2016 14:00,798.72
1/22/2016 9:00,798.37
1/21/2016 3:00,798.36
1/19/2016 22:00,798.28
1/18/2016 17:00,798.15
1/17/2016 12:00,798.15
1/16/2016 6:00,798.23
1/15/2016 1:00,798.5
1/13/2016 20:00,798.39
1/12/2016 14:00,798.1
1/11/2016 9:00,798.25
1/10/2016 4:00,798.06
1/8/2016 23:00,798.15
1/7/2016 17:00,798.15
1/6/2016 12:00,798.05
1/5/2016 7:00,797.93
1/4/2016 1:00,797.75
1/2/2016 20:00,797.96
1/1/2016 15:00,797.98
12/31/2015 11:00,797.86
12/30/2015 6:00,797.83
12/29/2015 1:00,798.01
12/27/2015 20:00,797.6
12/26/2015 15:00,797.73
12/25/2015 9:00,797.73
12/24/2015 4:00,798.05
12/22/2015 23:00,798.06
12/21/2015 18:00,797.86
12/20/2015 13:00,797.92
12/19/2015 7:00,797.52
12/18/2015 2:00,797.73
12/16/2015 21:00,797.84
12/15/2015 16:00,797.67
12/14/2015 11:00,797.9
12/13/2015 5:00,797.45
12/12/2015 0:00,797.34
12/10/2015 19:00,797.51
12/9/2015 14:00,797.3
12/8/2015 9:00,797.11
12/7/2015 3:00,796.71
12/5/2015 22:00,796.55
12/4/2015 17:00,796.47
12/3/2015 12:00,796.44
12/2/2015 7:00,796.55
12/1/2015 1:00,796.51
11/29/2015 20:00,796.13
11/28/2015 15:00,795.98
11/27/2015 10:00,795.77
11/26/2015 5:00,795.97
11/24/2015 23:00,795.9
11/23/2015 18:00,795.8
11/22/2015 13:00,795.85
11/21/2015 8:00,795.44
11/20/2015 2:00,795.48
11/18/2015 21:00,795.84
11/17/2015 16:00,795.61
11/16/2015 11:00,795.27
11/15/2015 6:00,795.08
11/14/2015 0:00,794.82
11/12/2015 19:00,794.9
11/11/2015 14:00,795.0
11/10/2015 9:00,794.62
11/9/2015 4:00,794.58
11/7/2015 22:00,794.25
11/6/2015 17:00,794.35
11/5/2015 12:00,794.51
11/4/2015 7:00,794.2
11/3/2015 2:00,794.08
11/1/2015 20:00,793.99
10/31/2015 15:00,794.03
10/30/2015 10:00,793.67
10/29/2015 5:00,793.71
10/28/2015 0:00,793.35
10/26/2015 18:00,793.05
10/25/2015 13:00,792.71
10/24/2015 8:00,792.78
10/23/2015 3:00,792.34
10/21/2015 22:00,792.04
10/20/2015 16:00,791.96
10/19/2015 11:00,791.76
10/18/2015 6:00,790.99
10/17/2015 1:00,790.48
10/15/2015 19:00,790.02
10/14/2015 14:00,789.09
10/13/2015 9:00,791.16
10/12/2015 4:00,791.09
10/10/2015 23:00,790.56
10/9/2015 17:00,790.0
10/8/2015 12:00,789.74
10/7/2015 7:00,789.12
10/6/2015 2:00,788.72
10/4/2015 21:00,788.14
10/3/2015 15:00,787.41
10/2/2015 10:00,786.44
10/1/2015 5:00,785.42
9/30/2015 0:00,783.93
9/28/2015 19:00,781.54
9/27/2015 13:00,786.09
9/26/2015 8:00,784.87
9/25/2015 3:00,783.55
9/23/2015 22:00,781.68
9/22/2015 17:00,778.8
9/21/2015 11:00,776.33
9/20/2015 6:00,785.04
9/19/2015 1:00,783.75
9/17/2015 20:00,781.84
9/16/2015 15:00,780.94
9/15/2015 9:00,781.68
9/14/2015 4:00,784.52
9/12/2015 23:00,782.91
9/11/2015 18:00,781.21
9/10/2015 12:00,781.67
9/9/2015 7:00,781.94
9/8/2015 2:00,779.93
9/6/2015 21:00,776.93
9/5/2015 16:00,778.71
9/4/2015 10:00,779.58
9/3/2015 5:00,779.98
9/2/2015 0:00,779.87
8/31/2015 19:00,780.78
8/30/2015 14:00,780.45
8/29/2015 8:00,780.01
8/28/2015 3:00,780.06
8/26/2015 22:00,781.3
8/25/2015 17:00,779.46
8/24/2015 12:00,778.29
8/23/2015 6:00,776.26
8/22/2015 1:00,771.87
8/20/2015 20:00,777.93
8/19/2015 15:00,775.96
8/18/2015 10:00,772.46
8/17/2015 4:00,766.53
8/15/2015 23:00,766.63
8/14/2015 18:00,768.41
8/13/2015 13:00,769.78
8/12/2015 8:00,773.42
8/11/2015 2:00,775.27
8/9/2015 21:00,771.0
8/8/2015 16:00,771.12
8/7/2015 11:00,768.7
8/6/2015 5:00,767.29
8/5/2015 0:00,768.1
8/3/2015 19:00,769.27
8/2/2015 14:00,772.91
8/1/2015 9:00,775.81
7/31/2015 3:00,773.73
7/29/2015 22:00,771.76
7/28/2015 17:00,769.17
7/27/2015 12:00,765.38
7/26/2015 7:00,770.89
7/25/2015 1:00,774.19
7/23/2015 20:00,776.01
7/22/2015 15:00,778.17
7/21/2015 10:00,779.67
7/20/2015 5:00,779.09
7/18/2015 23:00,785.37
7/17/2015 18:00,782.51
7/16/2015 13:00,780.72
7/15/2015 8:00,781.69
7/14/2015 3:00,781.68
7/12/2015 21:00,781.6
7/11/2015 16:00,787.16
7/10/2015 11:00,791.28
7/9/2015 6:00,791.4
7/8/2015 1:00,789.75
7/6/2015 19:00,786.84
7/5/2015 14:00,789.38
7/4/2015 9:00,790.6
7/3/2015 4:00,794.52
7/1/2015 22:00,793.76
6/30/2015 17:00,792.69
6/29/2015 12:00,790.58
6/28/2015 7:00,793.56
6/27/2015 2:00,791.45
6/25/2015 20:00,796.84
6/24/2015 15:00,796.6
6/23/2015 10:00,796.18
6/22/2015 5:00,795.91
6/21/2015 0:00,795.03
6/19/2015 18:00,793.92
6/18/2015 13:00,796.12
6/17/2015 8:00,795.56
6/16/2015 3:00,794.19
6/14/2015 22:00,797.18
6/13/2015 16:00,796.93
6/12/2015 11:00,796.3
6/11/2015 6:00,795.38
6/10/2015 1:00,793.75
6/8/2015 20:00,794.95
6/7/2015 14:00,799.56
6/6/2015 9:00,799.43
6/5/2015 4:00,799.47
6/3/2015 23:00,799.69
6/2/2015 18:00,799.79
6/1/2015 12:00,799.57
5/31/2015 7:00,799.59
5/30/2015 2:00,799.71
5/28/2015 21:00,799.76
5/27/2015 16:00,799.67
5/26/2015 10:00,799.57
5/25/2015 5:00,799.39
5/24/2015 0:00,798.49
5/22/2015 19:00,797.5
5/21/2015 13:00,800.7
5/20/2015 8:00,800.58
5/19/2015 3:00,800.51
5/17/2015 22:00,800.83
5/16/2015 17:00,800.84
5/15/2015 11:00,800.66
5/14/2015 6:00,800.57
5/13/2015 1:00,800.43
5/11/2015 20:00,800.76
5/10/2015 15:00,800.59
5/9/2015 9:00,800.44
5/8/2015 4:00,800.53
5/6/2015 23:00,800.51
5/5/2015 18:00,800.33
5/4/2015 13:00,800.12
5/3/2015 7:00,800.3
5/2/2015 2:00,800.03
4/30/2015 21:00,799.7
4/29/2015 16:00,800.43
4/28/2015 11:00,800.31
4/27/2015 5:00,800.28
4/26/2015 0:00,800.36
4/24/2015 19:00,800.36
4/23/2015 14:00,800.1
4/22/2015 9:00,800.42
4/21/2015 3:00,800.58
4/19/2015 22:00,800.47
4/18/2015 17:00,800.06
4/17/2015 12:00,799.46
4/16/2015 6:00,800.48
4/15/2015 1:00,800.97
4/13/2015 20:00,800.99
4/12/2015 15:00,801.22
4/11/2015 10:00,800.97
4/10/2015 4:00,801.16
4/8/2015 23:00,801.01
4/7/2015 18:00,800.88
4/6/2015 13:00,800.83
4/5/2015 8:00,800.82
4/4/2015 2:00,800.7
4/2/2015 21:00,800.78
4/1/2015 16:00,801.01
3/31/2015 11:00,800.69
3/30/2015 6:00,800.62
3/29/2015 0:00,800.64
3/27/2015 19:00,800.42
3/26/2015 14:00,800.38
3/25/2015 9:00,800.54
3/24/2015 4:00,800.25
3/22/2015 22:00,800.15
3/21/2015 17:00,800.06
3/20/2015 12:00,800.1
3/19/2015 7:00,800.0
3/18/2015 2:00,799.79
3/16/2015 20:00,799.79
3/15/2015 15:00,799.94
3/14/2015 10:00,799.66
3/13/2015 5:00,799.71
3/11/2015 23:00,799.46
3/10/2015 18:00,799.52
3/9/2015 13:00,799.43
3/8/2015 8:00,799.33
3/7/2015 3:00,799.28
3/5/2015 21:00,798.96
3/4/2015 16:00,798.94
3/3/2015 11:00,799.18
3/2/2015 6:00,798.66
3/1/2015 1:00,798.7
2/27/2015 19:00,798.5
2/26/2015 14:00,798.48
2/25/2015 9:00,798.7
2/24/2015 4:00,798.87
2/22/2015 23:00,798.16
2/21/2015 17:00,798.45
2/20/2015 12:00,798.63
2/19/2015 7:00,798.28
2/18/2015 2:00,798.39
2/16/2015 21:00,798.34
2/15/2015 15:00,798.16
2/14/2015 10:00,798.1
2/13/2015 5:00,798.26
2/12/2015 0:00,798.04
2/10/2015 19:00,798.4
2/9/2015 13:00,798.15
2/8/2015 8:00,798.41
2/7/2015 3:00,798.42
2/5/2015 22:00,798.25
2/4/2015 16:00,798.06
2/3/2015 11:00,798.21
2/2/2015 6:00,798.12
2/1/2015 1:00,798.02
1/30/2015 20:00,797.94
1/29/2015 14:00,797.92
1/28/2015 9:00,798.03
1/27/2015 4:00,797.92
1/25/2015 23:00,797.93
1/24/2015 18:00,798.08
1/23/2015 12:00,797.88
1/22/2015 7:00,797.57
1/21/2015 2:00,797.73
1/19/2015 21:00,797.81
1/18/2015 16:00,797.78
1/17/2015 10:00,797.97
1/16/2015 5:00,797.64
1/15/2015 0:00,797.62
1/13/2015 19:00,797.37
1/12/2015 14:00,797.13
1/11/2015 8:00,797.44
1/10/2015 3:00,797.32
1/8/2015 22:00,797.35
1/7/2015 17:00,796.87
1/6/2015 12:00,797.07
1/5/2015 6:00,796.89
1/4/2015 1:00,797.02
1/2/2015 20:00,796.99
1/1/2015 15:00,797.06
12/31/2014 12:00,796.91
12/30/2014 7:00,796.43
12/29/2014 2:00,796.53
12/27/2014 21:00,796.65
12/26/2014 16:00,796.59
12/25/2014 10:00,796.76
12/24/2014 5:00,796.62
12/23/2014 0:00,796.63
12/21/2014 19:00,796.57
12/20/2014 14:00,796.31
12/19/2014 8:00,796.18
12/18/2014 3:00,796.06
12/16/2014 22:00,795.99
12/15/2014 17:00,796.26
12/14/2014 12:00,796.1
12/13/2014 6:00,795.83
12/12/2014 1:00,795.63
12/10/2014 20:00,795.47
12/9/2014 15:00,795.23
12/8/2014 10:00,795.3
12/7/2014 4:00,794.79
12/5/2014 23:00,794.53
12/4/2014 18:00,794.42
12/3/2014 13:00,793.87
12/2/2014 7:00,793.23
12/1/2014 2:00,791.6
11/29/2014 21:00,794.2
11/28/2014 16:00,795.84
11/27/2014 11:00,795.32
11/26/2014 5:00,795.4
11/25/2014 0:00,795.31
11/23/2014 19:00,795.52
11/22/2014 14:00,795.19
11/21/2014 9:00,794.73
11/20/2014 3:00,794.61
11/18/2014 22:00,794.53
11/17/2014 17:00,794.32
11/16/2014 12:00,794.16
11/15/2014 7:00,793.71
11/14/2014 1:00,793.51
11/12/2014 20:00,793.36
11/11/2014 15:00,793.24
11/10/2014 10:00,793.34
11/9/2014 4:00,793.05
11/7/2014 23:00,792.73
11/6/2014 18:00,792.29
11/5/2014 13:00,792.23
11/4/2014 8:00,791.9
11/3/2014 2:00,791.65
11/1/2014 21:00,791.07
10/31/2014 16:00,790.48
10/30/2014 11:00,790.23
10/29/2014 6:00,789.6
10/28/2014 0:00,789.01
10/26/2014 19:00,787.72
10/25/2014 14:00,789.91
10/24/2014 9:00,789.62
10/23/2014 4:00,789.06
10/21/2014 22:00,788.32
10/20/2014 17:00,787.76
10/19/2014 12:00,786.94
10/18/2014 7:00,785.44
10/17/2014 1:00,783.86
10/15/2014 20:00,787.47
10/14/2014 15:00,786.91
10/13/2014 10:00,786.32
10/12/2014 5:00,785.58
10/10/2014 23:00,784.53
10/9/2014 18:00,783.72
10/8/2014 13:00,782.37
10/7/2014 8:00,781.84
10/6/2014 3:00,778.72
10/4/2014 21:00,778.68
10/3/2014 16:00,776.36
10/2/2014 11:00,772.89
10/1/2014 6:00,771.89
9/30/2014 1:00,764.56
9/28/2014 19:00,767.2
9/27/2014 14:00,776.14
9/26/2014 9:00,776.38
9/25/2014 4:00,779.25
9/23/2014 22:00,776.62
9/22/2014 17:00,776.2
9/21/2014 12:00,772.14
9/20/2014 7:00,774.01
9/19/2014 2:00,775.69
9/17/2014 20:00,775.47
9/16/2014 15:00,781.81
9/15/2014 10:00,780.98
9/14/2014 5:00,777.26
9/13/2014 0:00,777.35
9/11/2014 18:00,777.63
9/10/2014 13:00,775.23
9/9/2014 8:00,774.15
9/8/2014 3:00,771.02
9/6/2014 22:00,772.44
9/5/2014 16:00,774.42
9/4/2014 11:00,777.22
9/3/2014 6:00,776.88
9/2/2014 1:00,774.15
8/31/2014 19:00,773.56
8/30/2014 14:00,770.84
8/29/2014 9:00,767.29
8/28/2014 4:00,763.65
8/26/2014 23:00,764.15
8/25/2014 17:00,762.86
8/24/2014 12:00,763.28
8/23/2014 7:00,763.14
8/22/2014 2:00,760.43
8/20/2014 21:00,759.02
8/19/2014 15:00,757.36
8/18/2014 10:00,753.26
8/17/2014 5:00,749.4
8/16/2014 0:00,750.2
8/14/2014 19:00,752.58
8/13/2014 13:00,754.92
8/12/2014 8:00,756.14
8/11/2014 3:00,754.22
8/9/2014 22:00,753.3
8/8/2014 17:00,755.77
8/7/2014 11:00,757.31
8/6/2014 6:00,760.08
8/5/2014 1:00,760.77
8/3/2014 20:00,760.57
8/2/2014 14:00,762.16
8/1/2014 9:00,764.24
7/31/2014 4:00,765.46
7/29/2014 23:00,768.09
7/28/2014 18:00,768.71
7/27/2014 12:00,768.45
7/26/2014 7:00,770.58
7/25/2014 2:00,768.55
7/23/2014 21:00,769.09
7/22/2014 16:00,771.91
7/21/2014 10:00,775.72
7/20/2014 5:00,777.41
7/19/2014 0:00,778.31
7/17/2014 19:00,780.91
7/16/2014 14:00,787.61
7/15/2014 8:00,789.01
7/14/2014 3:00,785.69
7/12/2014 22:00,784.7
7/11/2014 17:00,780.23
7/10/2014 11:00,789.24
7/9/2014 6:00,788.97
7/8/2014 1:00,784.81
7/6/2014 20:00,788.04
7/5/2014 15:00,795.42
7/4/2014 9:00,796.23
7/3/2014 4:00,796.67
7/1/2014 23:00,796.97
6/30/2014 18:00,797.08
6/29/2014 13:00,796.88
6/28/2014 7:00,796.78
6/27/2014 2:00,796.55
6/25/2014 21:00,796.23
6/24/2014 16:00,796.05
6/23/2014 11:00,795.69
6/22/2014 5:00,795.32
6/21/2014 0:00,794.94
6/19/2014 19:00,794.47
6/18/2014 14:00,793.77
6/17/2014 8:00,793.56
6/16/2014 3:00,791.1
6/14/2014 22:00,792.1
6/13/2014 17:00,790.81
6/12/2014 12:00,788.23
6/11/2014 6:00,791.71
6/10/2014 1:00,792.45
6/8/2014 20:00,792.1
6/7/2014 15:00,790.05
6/6/2014 10:00,793.03
6/5/2014 4:00,796.95
6/3/2014 23:00,796.9
6/2/2014 18:00,796.72
6/1/2014 13:00,796.28
5/31/2014 8:00,795.34
5/30/2014 2:00,794.89
5/28/2014 21:00,798.12
5/27/2014 16:00,798.21
5/26/2014 11:00,798.15
5/25/2014 5:00,798.03
5/24/2014 0:00,797.8
5/22/2014 19:00,798.49
5/21/2014 14:00,798.58
5/20/2014 9:00,798.75
5/19/2014 3:00,798.67
5/17/2014 22:00,798.7
5/16/2014 17:00,798.69
5/15/2014 12:00,798.61
5/14/2014 7:00,798.65
5/13/2014 1:00,798.89
5/11/2014 20:00,798.91
5/10/2014 15:00,798.95
5/9/2014 10:00,799.01
5/8/2014 5:00,799.01
5/6/2014 23:00,798.96
5/5/2014 18:00,798.9
5/4/2014 13:00,798.81
5/3/2014 8:00,798.99
5/2/2014 2:00,799.0
4/30/2014 21:00,799.07
4/29/2014 16:00,799.09
4/28/2014 11:00,799.13
4/27/2014 6:00,799.03
4/26/2014 0:00,798.93
4/24/2014 19:00,799.1
4/23/2014 14:00,798.95
4/22/2014 9:00,798.88
4/21/2014 4:00,799.01
4/19/2014 22:00,798.96
4/18/2014 17:00,798.76
4/17/2014 12:00,798.66
4/16/2014 7:00,798.74
4/15/2014 2:00,799.08
4/13/2014 20:00,799.26
4/12/2014 15:00,799.39
4/11/2014 10:00,799.19
4/10/2014 5:00,799.42
4/9/2014 0:00,799.31
4/7/2014 18:00,799.38
4/6/2014 13:00,799.42
4/5/2014 8:00,799.27
4/4/2014 3:00,799.46
4/2/2014 21:00,799.23
4/1/2014 16:00,799.24
3/31/2014 11:00,799.47
3/30/2014 6:00,799.33
3/29/2014 1:00,799.07
3/27/2014 19:00,799.45
3/26/2014 14:00,799.33
3/25/2014 9:00,798.94
3/24/2014 4:00,798.92
3/22/2014 23:00,798.72
3/21/2014 17:00,798.97
3/20/2014 12:00,798.84
3/19/2014 7:00,798.78
3/18/2014 2:00,799.23
3/16/2014 21:00,798.97
3/15/2014 15:00,798.85
3/14/2014 10:00,799.13
3/13/2014 5:00,798.99
3/12/2014 0:00,798.85
3/10/2014 18:00,799.01
3/9/2014 13:00,799.01
3/8/2014 8:00,798.6
3/7/2014 3:00,798.88
3/5/2014 22:00,798.53
3/4/2014 16:00,798.56
3/3/2014 11:00,798.37
3/2/2014 6:00,798.29
3/1/2014 1:00,798.37
2/27/2014 20:00,798.43
2/26/2014 14:00,798.71
2/25/2014 9:00,798.25
2/24/2014 4:00,798.21
2/22/2014 23:00,798.22
2/21/2014 18:00,798.39
2/20/2014 12:00,798.48
2/19/2014 7:00,798.27
2/18/2014 2:00,798.2
2/16/2014 21:00,797.98
2/15/2014 15:00,798.03
2/14/2014 10:00,797.83
2/13/2014 5:00,798.06
2/12/2014 0:00,797.67
2/10/2014 19:00,797.34
2/9/2014 13:00,797.29
2/8/2014 8:00,797.28
2/7/2014 3:00,797.08
2/5/2014 22:00,796.67
2/4/2014 17:00,796.34
2/3/2014 11:00,796.96
2/2/2014 6:00,796.74
2/1/2014 1:00,796.63
1/30/2014 20:00,796.42
1/29/2014 15:00,795.92
1/28/2014 9:00,797.5
1/27/2014 4:00,797.49
1/25/2014 23:00,797.8
1/24/2014 18:00,797.78
1/23/2014 12:00,797.01
1/22/2014 7:00,797.37
1/21/2014 2:00,796.96
1/19/2014 21:00,797.41
1/18/2014 16:00,797.18
1/17/2014 10:00,796.99
1/16/2014 5:00,797.32
1/15/2014 0:00,796.73
1/13/2014 19:00,796.95
1/12/2014 14:00,797.02
1/11/2014 8:00,796.85
1/10/2014 3:00,796.52
1/8/2014 22:00,796.08
1/7/2014 17:00,796.12
1/6/2014 12:00,795.98
1/5/2014 6:00,795.82
1/4/2014 1:00,796.22
1/2/2014 20:00,795.59
1/1/2014 15:00,795.46
12/31/2013 14:00,795.42
12/30/2013 9:00,795.33
12/29/2013 4:00,795.25
12/27/2013 23:00,795.18
12/26/2013 18:00,794.97
12/25/2013 12:00,794.9
12/24/2013 7:00,794.52
12/23/2013 2:00,794.43
12/21/2013 21:00,794.51
12/20/2013 16:00,794.38
12/19/2013 10:00,794.11
12/18/2013 5:00,794.0
12/17/2013 0:00,793.82
12/15/2013 19:00,793.58
12/14/2013 14:00,793.41
12/13/2013 8:00,793.15
12/12/2013 3:00,792.92
12/10/2013 22:00,792.66
12/9/2013 17:00,792.61
12/8/2013 12:00,792.37
12/7/2013 6:00,791.81
12/6/2013 1:00,791.76
12/4/2013 20:00,791.94
12/3/2013 15:00,791.62
12/2/2013 10:00,791.42
12/1/2013 4:00,790.98
11/29/2013 23:00,790.66
11/28/2013 18:00,790.24
11/27/2013 13:00,790.09
11/26/2013 8:00,789.77
11/25/2013 2:00,789.61
11/23/2013 21:00,788.87
11/22/2013 16:00,788.69
11/21/2013 11:00,788.47
11/20/2013 5:00,788.33
11/19/2013 0:00,787.69
11/17/2013 19:00,787.69
11/16/2013 14:00,787.58
11/15/2013 9:00,786.85
11/14/2013 3:00,786.45
11/12/2013 22:00,785.58
11/11/2013 17:00,785.11
11/10/2013 12:00,784.77
11/9/2013 7:00,784.54
11/8/2013 1:00,783.69
11/6/2013 20:00,783.05
11/5/2013 15:00,782.66
11/4/2013 10:00,782.95
11/3/2013 5:00,782.34
11/1/2013 23:00,781.91
10/31/2013 18:00,781.76
10/30/2013 13:00,780.98
10/29/2013 8:00,780.16
10/28/2013 3:00,779.68
10/26/2013 21:00,779.16
10/25/2013 16:00,778.68
10/24/2013 11:00,777.84
10/23/2013 6:00,777.27
10/22/2013 1:00,776.56
10/20/2013 19:00,775.93
10/19/2013 14:00,775.16
10/18/2013 9:00,774.2
10/17/2013 4:00,773.36
10/15/2013 22:00,772.34
10/14/2013 17:00,771.12
10/13/2013 12:00,769.69
10/12/2013 7:00,768.72
10/11/2013 2:00,767.26
10/9/2013 20:00,765.5
10/8/2013 15:00,763.64
10/7/2013 10:00,761.33
10/6/2013 5:00,758.63
10/5/2013 0:00,754.81
10/3/2013 18:00,749.62
10/2/2013 13:00,747.15
10/1/2013 8:00,748.37
9/30/2013 3:00,747.99
9/28/2013 22:00,742.89
9/27/2013 16:00,741.71
9/26/2013 11:00,738.94
9/25/2013 6:00,739.54
9/24/2013 1:00,736.43
9/22/2013 20:00,740.58
9/21/2013 14:00,742.43
9/20/2013 9:00,736.28
9/19/2013 4:00,740.0
9/17/2013 23:00,742.36
9/16/2013 18:00,739.8
9/15/2013 12:00,733.08
9/14/2013 7:00,728.23
9/13/2013 2:00,730.84
9/11/2013 21:00,732.07
9/10/2013 15:00,732.46
9/9/2013 10:00,734.4
9/8/2013 5:00,733.69
9/7/2013 0:00,737.29
9/5/2013 19:00,740.2
9/4/2013 13:00,740.19
9/3/2013 8:00,738.83
9/2/2013 3:00,739.92
8/31/2013 22:00,742.43
8/30/2013 17:00,745.74
8/29/2013 11:00,744.8
8/28/2013 6:00,743.16
8/27/2013 1:00,740.65
8/25/2013 20:00,740.46
8/24/2013 15:00,741.96
8/23/2013 9:00,745.26
8/22/2013 4:00,747.96
8/20/2013 23:00,756.98
8/19/2013 18:00,755.42
8/18/2013 13:00,748.46
8/17/2013 7:00,739.44
8/16/2013 2:00,736.9
8/14/2013 21:00,739.37
8/13/2013 16:00,740.99
8/12/2013 11:00,741.57
8/11/2013 5:00,745.4
8/10/2013 0:00,749.53
8/8/2013 19:00,752.58
8/7/2013 14:00,752.79
8/6/2013 8:00,743.82
8/5/2013 3:00,742.13
8/3/2013 22:00,743.96
8/2/2013 17:00,745.94
8/1/2013 12:00,749.94
7/31/2013 6:00,748.27
7/30/2013 1:00,747.64
7/28/2013 20:00,749.34
7/27/2013 15:00,747.22
7/26/2013 10:00,749.84
7/25/2013 4:00,752.01
7/23/2013 23:00,751.54
7/22/2013 18:00,750.29
7/21/2013 13:00,749.1
7/20/2013 8:00,750.82
7/19/2013 2:00,753.22
7/17/2013 21:00,755.63
7/16/2013 16:00,758.99
7/15/2013 8:00,761.19
7/14/2013 3:00,763.12
7/12/2013 21:00,762.49
7/11/2013 16:00,766.44
7/10/2013 11:00,770.9
7/9/2013 6:00,774.09
7/8/2013 1:00,775.12
7/6/2013 19:00,780.65
7/5/2013 14:00,785.7
7/4/2013 9:00,788.24
7/3/2013 4:00,795.52
7/1/2013 22:00,795.2
6/30/2013 17:00,794.2
6/29/2013 12:00,793.62
6/28/2013 7:00,793.77
6/27/2013 2:00,795.56
6/25/2013 20:00,795.5
6/24/2013 15:00,794.34
6/23/2013 10:00,794.2
6/22/2013 5:00,792.61
6/21/2013 0:00,794.45
6/19/2013 18:00,793.42
6/18/2013 13:00,793.53
6/17/2013 8:00,796.89
6/16/2013 3:00,796.75
6/14/2013 22:00,796.33
6/13/2013 16:00,796.27
6/12/2013 11:00,795.62
6/11/2013 6:00,795.94
6/10/2013 1:00,795.61
6/8/2013 20:00,794.88
6/7/2013 14:00,794.6
6/6/2013 9:00,793.77
6/5/2013 4:00,792.41
6/3/2013 23:00,790.24
6/2/2013 18:00,795.75
6/1/2013 12:00,796.14
5/31/2013 7:00,795.79
5/30/2013 2:00,795.15
5/28/2013 21:00,795.49
5/27/2013 16:00,794.85
5/26/2013 10:00,792.86
5/25/2013 5:00,793.58
5/24/2013 0:00,792.16
5/22/2013 19:00,791.99
5/21/2013 13:00,790.13
5/20/2013 8:00,792.12
5/19/2013 3:00,790.11
5/17/2013 22:00,787.25
5/16/2013 17:00,786.95
5/15/2013 11:00,791.86
5/14/2013 6:00,794.75
5/13/2013 1:00,796.89
5/11/2013 20:00,797.57
5/10/2013 15:00,797.38
5/9/2013 9:00,798.33
5/8/2013 4:00,798.34
5/6/2013 23:00,798.2
5/5/2013 18:00,798.14
5/4/2013 13:00,797.99
5/3/2013 7:00,797.76
5/2/2013 2:00,797.54
4/30/2013 21:00,797.65
4/29/2013 16:00,797.49
4/28/2013 11:00,797.01
4/27/2013 5:00,795.95
4/26/2013 0:00,798.16
4/24/2013 19:00,798.16
4/23/2013 14:00,797.91
4/22/2013 9:00,797.67
4/21/2013 3:00,797.51
4/19/2013 22:00,797.41
4/18/2013 17:00,797.32
4/17/2013 12:00,796.48
4/16/2013 6:00,795.55
4/15/2013 1:00,797.71
4/13/2013 20:00,796.94
4/12/2013 15:00,798.57
4/11/2013 10:00,798.6
4/10/2013 4:00,798.32
4/8/2013 23:00,798.26
4/7/2013 18:00,798.39
4/6/2013 13:00,798.5
4/5/2013 8:00,798.02
4/4/2013 2:00,798.11
4/2/2013 21:00,797.81
4/1/2013 16:00,797.83
3/31/2013 11:00,798.03
3/30/2013 6:00,797.97
3/29/2013 0:00,797.62
3/27/2013 19:00,797.57
3/26/2013 14:00,797.4
3/25/2013 9:00,797.56
3/24/2013 4:00,797.6
3/22/2013 22:00,797.39
3/21/2013 17:00,797.3
3/20/2013 12:00,797.05
3/19/2013 7:00,797.17
3/18/2013 2:00,797.07
3/16/2013 20:00,796.27
3/15/2013 15:00,795.75
3/14/2013 10:00,798.01
3/13/2013 5:00,797.9
3/11/2013 23:00,798.11
3/10/2013 18:00,798.12
3/9/2013 13:00,798.13
3/8/2013 8:00,797.79
3/7/2013 3:00,797.75
3/5/2013 21:00,797.73
3/4/2013 16:00,797.85
3/3/2013 11:00,797.8
3/2/2013 6:00,797.63
3/1/2013 1:00,797.63
2/27/2013 19:00,797.79
2/26/2013 14:00,797.76
2/25/2013 9:00,797.67
2/24/2013 4:00,797.71
2/22/2013 23:00,797.74
2/21/2013 17:00,797.56
2/20/2013 12:00,797.4
2/19/2013 7:00,797.65
2/18/2013 2:00,797.92
2/16/2013 21:00,797.55
2/15/2013 15:00,797.47
2/14/2013 10:00,797.77
2/13/2013 5:00,797.83
2/12/2013 0:00,797.62
2/10/2013 19:00,798.11
2/9/2013 13:00,797.63
2/8/2013 8:00,797.41
2/7/2013 3:00,797.52
2/5/2013 22:00,797.41
2/4/2013 16:00,797.43
2/3/2013 11:00,797.31
2/2/2013 6:00,797.15
2/1/2013 1:00,796.89
1/30/2013 20:00,797.07
1/29/2013 14:00,796.95
1/28/2013 9:00,796.64
1/27/2013 4:00,796.31
1/25/2013 23:00,795.87
1/24/2013 18:00,795.65
1/23/2013 12:00,795.41
1/22/2013 7:00,794.92
1/21/2013 2:00,794.54
1/19/2013 21:00,793.95
1/18/2013 16:00,793.33
1/17/2013 10:00,791.97
1/16/2013 5:00,794.49
1/15/2013 0:00,795.49
1/13/2013 19:00,795.42
1/12/2013 14:00,795.37
1/11/2013 8:00,795.37
1/10/2013 3:00,794.46
1/8/2013 22:00,794.87
1/7/2013 17:00,794.69
1/6/2013 12:00,794.33
1/5/2013 6:00,794.22
1/4/2013 1:00,793.81
1/2/2013 20:00,793.28
1/1/2013 15:00,793.36
12/31/2012 23:00,793.14
12/30/2012 23:00,792.98
12/29/2012 22:00,792.31
12/28/2012 21:00,791.58
12/27/2012 20:00,792.63
12/26/2012 19:00,792.26
12/25/2012 18:00,791.82
12/24/2012 18:00,791.61
12/23/2012 17:00,791.24
12/22/2012 16:00,790.82
12/21/2012 15:00,789.94
12/20/2012 14:00,789.05
12/19/2012 13:00,787.06
12/18/2012 13:00,791.82
12/17/2012 12:00,791.83
12/16/2012 11:00,791.55
12/15/2012 10:00,791.47
12/14/2012 9:00,790.88
12/13/2012 8:00,790.73
12/12/2012 7:00,790.5
12/11/2012 7:00,790.24
12/10/2012 6:00,789.86
12/9/2012 5:00,789.32
12/8/2012 4:00,788.66
12/7/2012 3:00,788.56
12/6/2012 2:00,789.06
12/5/2012 2:00,788.38
12/4/2012 1:00,788.37
12/3/2012 0:00,788.14
12/1/2012 23:00,787.75
11/30/2012 22:00,787.31
11/29/2012 21:00,786.99
11/28/2012 21:00,786.61
11/27/2012 20:00,786.26
11/26/2012 19:00,785.74
11/25/2012 18:00,785.61
11/24/2012 17:00,785.35
11/23/2012 16:00,784.67
11/22/2012 15:00,784.6
11/21/2012 15:00,784.14
11/20/2012 14:00,783.33
11/19/2012 13:00,782.95
11/18/2012 12:00,782.89
11/17/2012 11:00,782.27
11/16/2012 10:00,781.62
11/15/2012 10:00,781.1
11/14/2012 9:00,780.09
11/13/2012 8:00,779.68
11/12/2012 7:00,780.83
11/11/2012 6:00,780.41
11/10/2012 5:00,779.62
11/9/2012 4:00,778.44
11/8/2012 4:00,779.04
11/7/2012 3:00,778.43
11/6/2012 2:00,777.94
11/5/2012 1:00,777.07
11/4/2012 0:00,776.22
11/2/2012 23:00,775.25
11/1/2012 23:00,775.29
10/31/2012 22:00,774.63
10/30/2012 21:00,773.73
10/29/2012 20:00,772.76
10/28/2012 19:00,771.73
10/27/2012 18:00,770.41
10/26/2012 18:00,768.96
10/25/2012 17:00,769.82
10/24/2012 16:00,768.84
10/23/2012 15:00,767.76
10/22/2012 14:00,766.4
10/21/2012 13:00,765.11
10/20/2012 12:00,763.62
10/19/2012 12:00,762.16
10/18/2012 11:00,760.59
10/17/2012 10:00,758.56
10/16/2012 9:00,755.9
10/15/2012 8:00,752.76
10/14/2012 7:00,749.2
10/13/2012 7:00,744.19
10/12/2012 6:00,738.17
10/11/2012 5:00,742.67
10/10/2012 4:00,734.74
10/9/2012 3:00,728.15
10/8/2012 2:00,727.75
10/7/2012 2:00,730.69
10/6/2012 1:00,729.38
10/5/2012 0:00,726.37
10/3/2012 23:00,726.62
10/2/2012 22:00,727.06
10/1/2012 21:00,725.81
9/30/2012 20:00,725.55
9/29/2012 20:00,725.97
9/28/2012 19:00,725.72
9/27/2012 18:00,726.27
9/26/2012 17:00,726.46
9/25/2012 16:00,726.67
9/24/2012 15:00,726.77
9/23/2012 15:00,726.56
9/22/2012 14:00,726.21
9/21/2012 13:00,727.27
9/20/2012 12:00,726.5
9/19/2012 11:00,727.86
9/18/2012 10:00,725.72
9/17/2012 9:00,728.22
9/16/2012 9:00,726.08
9/15/2012 8:00,729.19
9/14/2012 7:00,728.08
9/13/2012 6:00,730.63
9/12/2012 5:00,726.98
9/11/2012 4:00,729.23
9/10/2012 4:00,729.42
9/9/2012 3:00,729.71
9/8/2012 2:00,730.04
9/7/2012 1:00,730.52
9/6/2012 0:00,731.02
9/4/2012 23:00,730.82
9/3/2012 23:00,731.61
9/2/2012 22:00,731.99
9/1/2012 21:00,733.1
8/31/2012 20:00,734.36
8/30/2012 19:00,736.45
8/29/2012 18:00,735.11
8/28/2012 17:00,732.82
8/27/2012 17:00,731.91
8/26/2012 16:00,732.54
8/25/2012 15:00,732.17
8/24/2012 14:00,732.65
8/23/2012 13:00,732.94
8/22/2012 10:00,733.39
8/21/2012 10:00,733.84
8/20/2012 9:00,734.37
8/19/2012 8:00,734.89
8/18/2012 7:00,735.74
8/17/2012 6:00,736.53
8/16/2012 5:00,737.62
8/15/2012 4:00,737.56
8/14/2012 4:00,738.74
8/1/2012 18:01,747.46
7/31/2012 17:01,749.53
7/30/2012 16:01,749.74
7/29/2012 15:01,751.82
7/28/2012 14:01,754.02
7/27/2012 14:01,758.08
7/26/2012 13:01,762.42
7/25/2012 12:01,767.83
7/24/2012 11:01,770.05
7/23/2012 10:01,775.71
7/22/2012 9:01,771.21
7/21/2012 9:01,771.47
7/19/2012 12:00,774.92
6/25/2012 0:00,776.33
6/23/2012 23:00,780.83
6/22/2012 22:00,778.31
6/19/2012 21:00,776.97
6/18/2012 20:00,780.0
6/17/2012 20:00,777.78
6/6/2012 9:00,774.69
6/5/2012 8:00,780.44
6/4/2012 7:00,781.15
6/3/2012 6:00,789.59
6/2/2012 5:00,787.56
6/1/2012 5:00,792.05
5/31/2012 4:00,791.15
5/30/2012 3:00,790.15
5/29/2012 2:00,789.05
5/28/2012 1:00,787.52
5/27/2012 0:00,785.43
5/26/2012 0:00,782.66
5/24/2012 23:00,778.99
5/23/2012 5:00,775.79
5/22/2012 4:00,781.47
5/21/2012 3:00,775.81
5/18/2012 15:00,777.63
5/17/2012 14:00,782.46
5/16/2012 14:00,786.11
5/15/2012 13:00,792.53
5/14/2012 12:00,802.22
5/13/2012 11:00,801.98
5/12/2012 10:00,801.72
5/11/2012 9:00,801.73
5/10/2012 9:00,801.35
5/9/2012 8:00,800.58
5/8/2012 7:00,802.19
5/7/2012 6:00,801.89
5/6/2012 5:00,801.56
5/5/2012 4:00,800.9
5/4/2012 3:00,800.12
5/3/2012 3:00,799.11
5/2/2012 2:00,797.01
5/1/2012 1:00,801.96
4/30/2012 0:00,803.46
4/28/2012 23:00,803.24
4/27/2012 22:00,803.27
4/26/2012 22:00,803.02
4/25/2012 21:00,803.06
4/24/2012 20:00,802.73
4/23/2012 19:00,803.5
4/22/2012 18:00,803.2
4/21/2012 17:00,803.23
4/20/2012 17:00,802.95
4/19/2012 16:00,802.65
4/18/2012 15:00,802.09
4/17/2012 14:00,801.86
4/16/2012 13:00,803.31
4/15/2012 12:00,803.47
4/14/2012 11:00,802.9
4/13/2012 11:00,802.48
4/12/2012 10:00,801.53
4/11/2012 9:00,803.24
4/10/2012 8:00,803.74
4/9/2012 7:00,803.75
4/8/2012 6:00,803.64
4/7/2012 6:00,803.7
4/6/2012 5:00,803.5
4/5/2012 4:00,803.57
4/4/2012 3:00,803.4
4/3/2012 2:00,803.43
4/2/2012 1:00,803.44
4/1/2012 0:00,803.31
3/31/2012 0:00,803.14
3/29/2012 23:00,803.09
3/28/2012 22:00,802.78
3/27/2012 21:00,802.79
3/26/2012 20:00,802.6
3/25/2012 19:00,802.3
3/24/2012 19:00,802.21
3/23/2012 18:00,801.99
3/22/2012 17:00,801.6
3/21/2012 16:00,801.03
3/20/2012 15:00,800.26
3/19/2012 14:00,801.04
3/18/2012 14:00,802.48
3/17/2012 13:00,802.25
3/16/2012 12:00,801.91
3/15/2012 11:00,801.36
3/14/2012 10:00,802.08
3/13/2012 9:00,802.06
3/12/2012 8:00,802.11
3/11/2012 8:00,801.64
3/10/2012 7:00,801.38
3/9/2012 6:00,800.6
3/8/2012 5:00,800.16
3/7/2012 4:00,799.26
3/6/2012 3:00,802.45
3/5/2012 3:00,802.15
3/4/2012 2:00,802.19
3/3/2012 1:00,802.26
3/2/2012 0:00,802.06
2/29/2012 23:00,802.0
2/28/2012 22:00,801.86
2/27/2012 22:00,801.32
2/26/2012 21:00,801.53
2/25/2012 20:00,801.33
2/24/2012 19:00,801.27
2/23/2012 18:00,801.35
2/22/2012 17:00,801.34
2/21/2012 16:00,801.12
2/20/2012 16:00,800.82
2/19/2012 15:00,800.48
2/18/2012 14:00,800.14
2/17/2012 13:00,799.89
2/16/2012 12:00,800.38
2/15/2012 11:00,800.28
2/14/2012 11:00,800.25
2/13/2012 10:00,800.0
2/12/2012 9:00,799.5
2/11/2012 8:00,799.14
2/10/2012 7:00,799.06
2/9/2012 6:00,798.7
2/8/2012 5:00,797.92
2/7/2012 5:00,799.01
2/6/2012 4:00,798.92
2/5/2012 3:00,798.52
2/4/2012 2:00,798.1
2/3/2012 1:00,797.67
2/2/2012 0:00,797.21
2/1/2012 0:00,796.3
1/30/2012 23:00,798.99
1/29/2012 22:00,798.55
1/28/2012 21:00,798.38
1/27/2012 20:00,798.15
1/26/2012 19:00,797.9
1/25/2012 19:00,797.44
1/24/2012 18:00,796.64
1/23/2012 17:00,796.38
1/22/2012 16:00,797.89
1/21/2012 15:00,797.3
1/20/2012 14:00,796.82
1/19/2012 13:00,796.18
1/18/2012 13:00,796.59
1/17/2012 12:00,796.95
1/16/2012 11:00,796.81
1/15/2012 10:00,796.35
1/14/2012 9:00,795.8
1/13/2012 8:00,795.13
1/12/2012 8:00,794.05
1/11/2012 7:00,796.72
1/10/2012 6:00,796.25
1/9/2012 5:00,795.81
1/8/2012 4:00,795.18
1/7/2012 3:00,794.68
